-- MySQL dump 10.13  Distrib 9.5.0, for Win64 (x86_64)
--
-- Host: localhost    Database: belajar_mysql
-- ------------------------------------------------------
-- Server version	9.5.0

/*!40101 SET @OLD_CHARACTER_SET_CLIENT=@@CHARACTER_SET_CLIENT */;
/*!40101 SET @OLD_CHARACTER_SET_RESULTS=@@CHARACTER_SET_RESULTS */;
/*!40101 SET @OLD_COLLATION_CONNECTION=@@COLLATION_CONNECTION */;
/*!50503 SET NAMES utf8mb4 */;
/*!40103 SET @OLD_TIME_ZONE=@@TIME_ZONE */;
/*!40103 SET TIME_ZONE='+00:00' */;
/*!40014 SET @OLD_UNIQUE_CHECKS=@@UNIQUE_CHECKS, UNIQUE_CHECKS=0 */;
/*!40014 SET @OLD_FOREIGN_KEY_CHECKS=@@FOREIGN_KEY_CHECKS, FOREIGN_KEY_CHECKS=0 */;
/*!40101 SET @OLD_SQL_MODE=@@SQL_MODE, SQL_MODE='NO_AUTO_VALUE_ON_ZERO' */;
/*!40111 SET @OLD_SQL_NOTES=@@SQL_NOTES, SQL_NOTES=0 */;
SET @MYSQLDUMP_TEMP_LOG_BIN = @@SESSION.SQL_LOG_BIN;
SET @@SESSION.SQL_LOG_BIN= 0;

--
-- GTID state at the beginning of the backup 
--

SET @@GLOBAL.GTID_PURGED=/*!80000 '+'*/ '8daab541-dbe8-11f0-ab99-088fc3035e1a:1-121';

--
-- Table structure for table `admin`
--

DROP TABLE IF EXISTS `admin`;
/*!40101 SET @saved_cs_client     = @@character_set_client */;
/*!50503 SET character_set_client = utf8mb4 */;
CREATE TABLE `admin` (
  `id` int NOT NULL AUTO_INCREMENT,
  `first_name` varchar(100) NOT NULL,
  `last_name` varchar(100) NOT NULL,
  PRIMARY KEY (`id`)
) ENGINE=InnoDB AUTO_INCREMENT=5 DEFAULT CHARSET=utf8mb4 COLLATE=utf8mb4_0900_ai_ci;
/*!40101 SET character_set_client = @saved_cs_client */;

--
-- Dumping data for table `admin`
--

LOCK TABLES `admin` WRITE;
/*!40000 ALTER TABLE `admin` DISABLE KEYS */;
INSERT INTO `admin` VALUES (1,'Putra','Satrio'),(2,'Didik','Ariwibowo'),(3,'Trusana','Wahyu'),(4,'Akbar','Wahyu');
/*!40000 ALTER TABLE `admin` ENABLE KEYS */;
UNLOCK TABLES;

--
-- Table structure for table `categories`
--

DROP TABLE IF EXISTS `categories`;
/*!40101 SET @saved_cs_client     = @@character_set_client */;
/*!50503 SET character_set_client = utf8mb4 */;
CREATE TABLE `categories` (
  `id` varchar(10) NOT NULL,
  `name` varchar(100) NOT NULL,
  PRIMARY KEY (`id`)
) ENGINE=InnoDB DEFAULT CHARSET=utf8mb4 COLLATE=utf8mb4_0900_ai_ci;
/*!40101 SET character_set_client = @saved_cs_client */;

--
-- Dumping data for table `categories`
--

LOCK TABLES `categories` WRITE;
/*!40000 ALTER TABLE `categories` DISABLE KEYS */;
INSERT INTO `categories` VALUES ('C0001','Makanan'),('C0002','Minuman'),('C0003','Lain-Lain'),('C0004','Oleh-Oleh'),('C0005','Gadget');
/*!40000 ALTER TABLE `categories` ENABLE KEYS */;
UNLOCK TABLES;

--
-- Table structure for table `customers`
--

DROP TABLE IF EXISTS `customers`;
/*!40101 SET @saved_cs_client     = @@character_set_client */;
/*!50503 SET character_set_client = utf8mb4 */;
CREATE TABLE `customers` (
  `id` int NOT NULL AUTO_INCREMENT,
  `email` varchar(100) NOT NULL,
  `first_name` varchar(100) NOT NULL,
  `last_name` varchar(100) DEFAULT NULL,
  PRIMARY KEY (`id`),
  UNIQUE KEY `email_unique` (`email`)
) ENGINE=InnoDB AUTO_INCREMENT=5 DEFAULT CHARSET=utf8mb4 COLLATE=utf8mb4_0900_ai_ci;
/*!40101 SET character_set_client = @saved_cs_client */;

--
-- Dumping data for table `customers`
--

LOCK TABLES `customers` WRITE;
/*!40000 ALTER TABLE `customers` DISABLE KEYS */;
INSERT INTO `customers` VALUES (1,'putra@gmail.com','Putra','Satrio'),(4,'satrio@gmail.com','Putra','Satrio');
/*!40000 ALTER TABLE `customers` ENABLE KEYS */;
UNLOCK TABLES;

--
-- Table structure for table `guestbooks`
--

DROP TABLE IF EXISTS `guestbooks`;
/*!40101 SET @saved_cs_client     = @@character_set_client */;
/*!50503 SET character_set_client = utf8mb4 */;
CREATE TABLE `guestbooks` (
  `id` int NOT NULL AUTO_INCREMENT,
  `email` varchar(100) NOT NULL,
  `title` varchar(100) NOT NULL,
  `content` text,
  PRIMARY KEY (`id`)
) ENGINE=InnoDB AUTO_INCREMENT=10 DEFAULT CHARSET=utf8mb4 COLLATE=utf8mb4_0900_ai_ci;
/*!40101 SET character_set_client = @saved_cs_client */;

--
-- Dumping data for table `guestbooks`
--

LOCK TABLES `guestbooks` WRITE;
/*!40000 ALTER TABLE `guestbooks` DISABLE KEYS */;
INSERT INTO `guestbooks` VALUES (1,'guest@gmail.com','Hello','Hello'),(2,'guest2@gmail.com','Hello','Hello'),(3,'guest3@gmail.com','Hello','Hello'),(4,'putra@gmail.com','Hello','Hello'),(5,'putra@gmail.com','Hello','Hello'),(6,'putra@gmail.com','Hello','Hello'),(7,'contoh@gmail.com','Contoh','Contoh'),(8,'contoh2@gmail.com','Contoh','Contoh'),(9,'contoh3@gmail.com','Diubah dari User 1','Contoh');
/*!40000 ALTER TABLE `guestbooks` ENABLE KEYS */;
UNLOCK TABLES;

--
-- Table structure for table `numbers`
--

DROP TABLE IF EXISTS `numbers`;
/*!40101 SET @saved_cs_client     = @@character_set_client */;
/*!50503 SET character_set_client = utf8mb4 */;
CREATE TABLE `numbers` (
  `id` int NOT NULL,
  PRIMARY KEY (`id`)
) ENGINE=InnoDB DEFAULT CHARSET=utf8mb4 COLLATE=utf8mb4_0900_ai_ci;
/*!40101 SET character_set_client = @saved_cs_client */;

--
-- Dumping data for table `numbers`
--

LOCK TABLES `numbers` WRITE;
/*!40000 ALTER TABLE `numbers` DISABLE KEYS */;
INSERT INTO `numbers` VALUES (1),(2),(3),(4),(5),(6),(7),(8),(9),(10);
/*!40000 ALTER TABLE `numbers` ENABLE KEYS */;
UNLOCK TABLES;

--
-- Table structure for table `orders`
--

DROP TABLE IF EXISTS `orders`;
/*!40101 SET @saved_cs_client     = @@character_set_client */;
/*!50503 SET character_set_client = utf8mb4 */;
CREATE TABLE `orders` (
  `id` int NOT NULL AUTO_INCREMENT,
  `total` int NOT NULL,
  `order_date` datetime NOT NULL DEFAULT CURRENT_TIMESTAMP,
  PRIMARY KEY (`id`)
) ENGINE=InnoDB AUTO_INCREMENT=4 DEFAULT CHARSET=utf8mb4 COLLATE=utf8mb4_0900_ai_ci;
/*!40101 SET character_set_client = @saved_cs_client */;

--
-- Dumping data for table `orders`
--

LOCK TABLES `orders` WRITE;
/*!40000 ALTER TABLE `orders` DISABLE KEYS */;
INSERT INTO `orders` VALUES (1,50000,'2025-12-23 10:05:02'),(2,50000,'2025-12-23 10:05:04'),(3,50000,'2025-12-23 10:05:05');
/*!40000 ALTER TABLE `orders` ENABLE KEYS */;
UNLOCK TABLES;

--
-- Table structure for table `orders_detail`
--

DROP TABLE IF EXISTS `orders_detail`;
/*!40101 SET @saved_cs_client     = @@character_set_client */;
/*!50503 SET character_set_client = utf8mb4 */;
CREATE TABLE `orders_detail` (
  `id_product` varchar(10) NOT NULL,
  `id_order` int NOT NULL,
  `price` int NOT NULL,
  `quantity` int NOT NULL,
  PRIMARY KEY (`id_product`,`id_order`),
  KEY `fk_orders_detail_orders` (`id_order`),
  CONSTRAINT `fk_orders_detail_orders` FOREIGN KEY (`id_order`) REFERENCES `orders` (`id`),
  CONSTRAINT `fk_orders_detail_products` FOREIGN KEY (`id_product`) REFERENCES `products` (`id`)
) ENGINE=InnoDB DEFAULT CHARSET=utf8mb4 COLLATE=utf8mb4_0900_ai_ci;
/*!40101 SET character_set_client = @saved_cs_client */;

--
-- Dumping data for table `orders_detail`
--

LOCK TABLES `orders_detail` WRITE;
/*!40000 ALTER TABLE `orders_detail` DISABLE KEYS */;
INSERT INTO `orders_detail` VALUES ('P0001',1,25000,1),('P0001',2,25000,1),('P0002',1,25000,1),('P0003',2,25000,1),('P0003',3,25000,1),('P0004',3,25000,1);
/*!40000 ALTER TABLE `orders_detail` ENABLE KEYS */;
UNLOCK TABLES;

--
-- Table structure for table `products`
--

DROP TABLE IF EXISTS `products`;
/*!40101 SET @saved_cs_client     = @@character_set_client */;
/*!50503 SET character_set_client = utf8mb4 */;
CREATE TABLE `products` (
  `id` varchar(10) NOT NULL,
  `name` varchar(100) NOT NULL,
  `description` text,
  `price` int unsigned NOT NULL,
  `quantity` int unsigned NOT NULL DEFAULT '0',
  `created_at` timestamp NOT NULL DEFAULT CURRENT_TIMESTAMP,
  `id_category` varchar(10) DEFAULT NULL,
  PRIMARY KEY (`id`),
  KEY `fk_products_categories` (`id_category`),
  FULLTEXT KEY `product_fulltext` (`name`,`description`),
  CONSTRAINT `fk_products_categories` FOREIGN KEY (`id_category`) REFERENCES `categories` (`id`),
  CONSTRAINT `price_check` CHECK ((`price` >= 1000))
) ENGINE=InnoDB DEFAULT CHARSET=utf8mb4 COLLATE=utf8mb4_0900_ai_ci;
/*!40101 SET character_set_client = @saved_cs_client */;

--
-- Dumping data for table `products`
--

LOCK TABLES `products` WRITE;
/*!40000 ALTER TABLE `products` DISABLE KEYS */;
INSERT INTO `products` VALUES ('P0001','Mi Ayam Original',NULL,15000,100,'2025-12-21 03:48:18','C0001'),('P0002','Mi Ayam Bakso','Mi Ayam + Bakso',20000,100,'2025-12-21 03:49:55','C0001'),('P0003','Mi Ayam Ceker','Mi Ayam + Ceker',20000,100,'2025-12-21 03:52:08','C0001'),('P0004','Mi Ayam Spesial',NULL,25000,100,'2025-12-21 03:52:08','C0001'),('P0005','Mi Ayam Yamin',NULL,20000,100,'2025-12-21 03:52:08','C0001'),('P0006','Bakso Rusuk',NULL,25000,200,'2025-12-21 07:10:48','C0001'),('P0007','Es Jeruk',NULL,10000,300,'2025-12-21 07:10:48','C0002'),('P0008','Es Campur',NULL,15000,500,'2025-12-21 07:10:48','C0002'),('P0009','Es Teh Manis',NULL,5000,400,'2025-12-21 07:10:48','C0002'),('P0010','Kerupuk',NULL,2500,1000,'2025-12-21 07:10:48','C0003'),('P0011','Keripik Udang',NULL,10000,300,'2025-12-21 07:10:48','C0003'),('P0012','Es Krim',NULL,5000,200,'2025-12-21 07:10:48','C0003'),('P0013','Mi Ayam Jamur',NULL,20000,50,'2025-12-21 07:10:48','C0001'),('P0014','Bakso Telor',NULL,20000,150,'2025-12-21 07:10:48','C0001'),('P0015','Bakso Jando',NULL,25000,300,'2025-12-21 07:10:48','C0001'),('P0016','Permen',NULL,1000,1000,'2025-12-23 02:47:33','C0003'),('X0001','X Satu',NULL,1000,1000,'2025-12-23 05:08:53',NULL),('X0002','X Dua',NULL,1000,1000,'2025-12-23 05:08:58',NULL),('X0003','X Tiga',NULL,1000000,1000,'2025-12-23 05:09:08',NULL);
/*!40000 ALTER TABLE `products` ENABLE KEYS */;
UNLOCK TABLES;

--
-- Table structure for table `sellers`
--

DROP TABLE IF EXISTS `sellers`;
/*!40101 SET @saved_cs_client     = @@character_set_client */;
/*!50503 SET character_set_client = utf8mb4 */;
CREATE TABLE `sellers` (
  `id` int NOT NULL AUTO_INCREMENT,
  `name` varchar(100) NOT NULL,
  `name2` varchar(100) DEFAULT NULL,
  `name3` varchar(100) DEFAULT NULL,
  `email` varchar(100) NOT NULL,
  PRIMARY KEY (`id`),
  UNIQUE KEY `email_unique` (`email`),
  KEY `name2_index` (`name2`),
  KEY `name3_index` (`name3`),
  KEY `name1_name2_name3_index` (`name`,`name2`,`name3`)
) ENGINE=InnoDB DEFAULT CHARSET=utf8mb4 COLLATE=utf8mb4_0900_ai_ci;
/*!40101 SET character_set_client = @saved_cs_client */;

--
-- Dumping data for table `sellers`
--

LOCK TABLES `sellers` WRITE;
/*!40000 ALTER TABLE `sellers` DISABLE KEYS */;
/*!40000 ALTER TABLE `sellers` ENABLE KEYS */;
UNLOCK TABLES;

--
-- Table structure for table `wallet`
--

DROP TABLE IF EXISTS `wallet`;
/*!40101 SET @saved_cs_client     = @@character_set_client */;
/*!50503 SET character_set_client = utf8mb4 */;
CREATE TABLE `wallet` (
  `id` int NOT NULL AUTO_INCREMENT,
  `id_customer` int NOT NULL,
  `balance` int NOT NULL DEFAULT '0',
  PRIMARY KEY (`id`),
  UNIQUE KEY `fk_id_customers_unique` (`id_customer`),
  CONSTRAINT `fk_wallet_customer` FOREIGN KEY (`id_customer`) REFERENCES `customers` (`id`)
) ENGINE=InnoDB AUTO_INCREMENT=6 DEFAULT CHARSET=utf8mb4 COLLATE=utf8mb4_0900_ai_ci;
/*!40101 SET character_set_client = @saved_cs_client */;

--
-- Dumping data for table `wallet`
--

LOCK TABLES `wallet` WRITE;
/*!40000 ALTER TABLE `wallet` DISABLE KEYS */;
INSERT INTO `wallet` VALUES (3,1,0),(4,4,0);
/*!40000 ALTER TABLE `wallet` ENABLE KEYS */;
UNLOCK TABLES;

--
-- Table structure for table `wishlist`
--

DROP TABLE IF EXISTS `wishlist`;
/*!40101 SET @saved_cs_client     = @@character_set_client */;
/*!50503 SET character_set_client = utf8mb4 */;
CREATE TABLE `wishlist` (
  `id` int NOT NULL AUTO_INCREMENT,
  `id_product` varchar(10) NOT NULL,
  `description` text,
  `id_customers` int DEFAULT NULL,
  PRIMARY KEY (`id`),
  KEY `fk_wishlist_prodcuts` (`id_product`),
  KEY `fk_wishlist_customers` (`id_customers`),
  CONSTRAINT `fk_wishlist_customers` FOREIGN KEY (`id_customers`) REFERENCES `customers` (`id`),
  CONSTRAINT `fk_wishlist_prodcuts` FOREIGN KEY (`id_product`) REFERENCES `products` (`id`) ON DELETE CASCADE ON UPDATE CASCADE
) ENGINE=InnoDB AUTO_INCREMENT=6 DEFAULT CHARSET=utf8mb4 COLLATE=utf8mb4_0900_ai_ci;
/*!40101 SET character_set_client = @saved_cs_client */;

--
-- Dumping data for table `wishlist`
--

LOCK TABLES `wishlist` WRITE;
/*!40000 ALTER TABLE `wishlist` DISABLE KEYS */;
INSERT INTO `wishlist` VALUES (1,'P0001','Makanan Paling Murah',1);
/*!40000 ALTER TABLE `wishlist` ENABLE KEYS */;
UNLOCK TABLES;
SET @@SESSION.SQL_LOG_BIN = @MYSQLDUMP_TEMP_LOG_BIN;
/*!40103 SET TIME_ZONE=@OLD_TIME_ZONE */;

/*!40101 SET SQL_MODE=@OLD_SQL_MODE */;
/*!40014 SET FOREIGN_KEY_CHECKS=@OLD_FOREIGN_KEY_CHECKS */;
/*!40014 SET UNIQUE_CHECKS=@OLD_UNIQUE_CHECKS */;
/*!40101 SET CHARACTER_SET_CLIENT=@OLD_CHARACTER_SET_CLIENT */;
/*!40101 SET CHARACTER_SET_RESULTS=@OLD_CHARACTER_SET_RESULTS */;
/*!40101 SET COLLATION_CONNECTION=@OLD_COLLATION_CONNECTION */;
/*!40111 SET SQL_NOTES=@OLD_SQL_NOTES */;

-- Dump completed on 2025-12-23 13:48:08
